review,sentiment
I regret watching this.,negative
Completely boring and too long.,negative
Worst movie I have ever seen.,negative
The film lacked direction.,negative
Not worth watching.,negative
The film lacked direction.,negative
The film was fantastic and inspiring.,positive
The film lacked direction.,negative
Completely boring and too long.,negative
Not worth watching.,negative
Great acting and brilliant plot.,positive
Highly recommended for everyone.,positive
Completely boring and too long.,negative
The film lacked direction.,negative
Worst movie I have ever seen.,negative
I absolutely loved this movie!,positive
Completely boring and too long.,negative
Great acting and brilliant plot.,positive
A masterpiece from start to finish.,positive
The plot made no sense at all.,negative
Terrible acting and poor script.,negative
It made me laugh and cry.,positive
The film was fantastic and inspiring.,positive
Highly recommended for everyone.,positive
Completely boring and too long.,negative
Great acting and brilliant plot.,positive
A masterpiece from start to finish.,positive
Highly recommended for everyone.,positive
Worst movie I have ever seen.,negative
Worst movie I have ever seen.,negative
Completely boring and too long.,negative
Very disappointing experience.,negative
Very disappointing experience.,negative
Best movie of the year!,positive
Highly recommended for everyone.,positive
Emotionally powerful and well-directed.,positive
The film was fantastic and inspiring.,positive
The plot made no sense at all.,negative
Highly recommended for everyone.,positive
The film lacked direction.,negative
The film was fantastic and inspiring.,positive
Predictable and dull.,negative
Heartwarming and beautifully shot.,positive
An unforgettable cinematic experience.,positive
Predictable and dull.,negative
The film was fantastic and inspiring.,positive
An unforgettable cinematic experience.,positive
The film lacked direction.,negative
Worst movie I have ever seen.,negative
A masterpiece from start to finish.,positive
Emotionally powerful and well-directed.,positive
I absolutely loved this movie!,positive
Predictable and dull.,negative
A masterpiece from start to finish.,positive
I absolutely loved this movie!,positive
Terrible acting and poor script.,negative
The film was fantastic and inspiring.,positive
Not worth watching.,negative
A masterpiece from start to finish.,positive
Worst movie I have ever seen.,negative
Worst movie I have ever seen.,negative
Terrible acting and poor script.,negative
The film lacked direction.,negative
An unforgettable cinematic experience.,positive
Great acting and brilliant plot.,positive
A masterpiece from start to finish.,positive
Completely boring and too long.,negative
I absolutely loved this movie!,positive
I regret watching this.,negative
Emotionally powerful and well-directed.,positive
Very disappointing experience.,negative
Terrible acting and poor script.,negative
An unforgettable cinematic experience.,positive
I absolutely loved this movie!,positive
Emotionally powerful and well-directed.,positive
I regret watching this.,negative
Not worth watching.,negative
Completely boring and too long.,negative
Very disappointing experience.,negative
It made me laugh and cry.,positive
The film was fantastic and inspiring.,positive
Highly recommended for everyone.,positive
Predictable and dull.,negative
A masterpiece from start to finish.,positive
I absolutely loved this movie!,positive
Not worth watching.,negative
The plot made no sense at all.,negative
I absolutely loved this movie!,positive
An unforgettable cinematic experience.,positive
Highly recommended for everyone.,positive
Very disappointing experience.,negative
I regret watching this.,negative
Very disappointing experience.,negative
Emotionally powerful and well-directed.,positive
Best movie of the year!,positive
The film was fantastic and inspiring.,positive
Very disappointing experience.,negative
An unforgettable cinematic experience.,positive
A masterpiece from start to finish.,positive
Highly recommended for everyone.,positive
Predictable and dull.,negative
The plot made no sense at all.,negative
Worst movie I have ever seen.,negative
Great acting and brilliant plot.,positive
Not worth watching.,negative
Completely boring and too long.,negative
Best movie of the year!,positive
Predictable and dull.,negative
Worst movie I have ever seen.,negative
Highly recommended for everyone.,positive
Worst movie I have ever seen.,negative
A masterpiece from start to finish.,positive
The film was fantastic and inspiring.,positive
Highly recommended for everyone.,positive
Not worth watching.,negative
Best movie of the year!,positive
It made me laugh and cry.,positive
I regret watching this.,negative
It made me laugh and cry.,positive
Very disappointing experience.,negative
It was a total waste of time.,negative
Heartwarming and beautifully shot.,positive
Not worth watching.,negative
I regret watching this.,negative
Worst movie I have ever seen.,negative
Great acting and brilliant plot.,positive
Very disappointing experience.,negative
Great acting and brilliant plot.,positive
Best movie of the year!,positive
I absolutely loved this movie!,positive
The film lacked direction.,negative
Not worth watching.,negative
The film was fantastic and inspiring.,positive
Very disappointing experience.,negative
A masterpiece from start to finish.,positive
I regret watching this.,negative
Terrible acting and poor script.,negative
Emotionally powerful and well-directed.,positive
An unforgettable cinematic experience.,positive
It was a total waste of time.,negative
A masterpiece from start to finish.,positive
Completely boring and too long.,negative
Very disappointing experience.,negative
Heartwarming and beautifully shot.,positive
A masterpiece from start to finish.,positive
Worst movie I have ever seen.,negative
Predictable and dull.,negative
A masterpiece from start to finish.,positive
It was a total waste of time.,negative
Emotionally powerful and well-directed.,positive
The plot made no sense at all.,negative
I regret watching this.,negative
The plot made no sense at all.,negative
Highly recommended for everyone.,positive
Emotionally powerful and well-directed.,positive
I regret watching this.,negative
An unforgettable cinematic experience.,positive
The film was fantastic and inspiring.,positive
A masterpiece from start to finish.,positive
Not worth watching.,negative
It was a total waste of time.,negative
Best movie of the year!,positive
The film lacked direction.,negative
Worst movie I have ever seen.,negative
A masterpiece from start to finish.,positive
It was a total waste of time.,negative
The film lacked direction.,negative
Highly recommended for everyone.,positive
Best movie of the year!,positive
I absolutely loved this movie!,positive
Emotionally powerful and well-directed.,positive
Emotionally powerful and well-directed.,positive
It was a total waste of time.,negative
Great acting and brilliant plot.,positive
I regret watching this.,negative
Heartwarming and beautifully shot.,positive
Best movie of the year!,positive
Best movie of the year!,positive
I regret watching this.,negative
A masterpiece from start to finish.,positive
It was a total waste of time.,negative
Highly recommended for everyone.,positive
The film lacked direction.,negative
It was a total waste of time.,negative
Highly recommended for everyone.,positive
The film lacked direction.,negative
The plot made no sense at all.,negative
Worst movie I have ever seen.,negative
It made me laugh and cry.,positive
Best movie of the year!,positive
The plot made no sense at all.,negative
It was a total waste of time.,negative
The plot made no sense at all.,negative
Predictable and dull.,negative
The film lacked direction.,negative
Not worth watching.,negative
It made me laugh and cry.,positive
Not worth watching.,negative
Highly recommended for everyone.,positive
Predictable and dull.,negative
The film was fantastic and inspiring.,positive
Best movie of the year!,positive
Not worth watching.,negative
Emotionally powerful and well-directed.,positive
An unforgettable cinematic experience.,positive
Best movie of the year!,positive
Emotionally powerful and well-directed.,positive
It made me laugh and cry.,positive
Emotionally powerful and well-directed.,positive
I regret watching this.,negative
I regret watching this.,negative
Best movie of the year!,positive
The film was fantastic and inspiring.,positive
It was a total waste of time.,negative
Terrible acting and poor script.,negative
Very disappointing experience.,negative
Predictable and dull.,negative
I regret watching this.,negative
Highly recommended for everyone.,positive
A masterpiece from start to finish.,positive
Very disappointing experience.,negative
An unforgettable cinematic experience.,positive
Great acting and brilliant plot.,positive
Predictable and dull.,negative
Best movie of the year!,positive
The film lacked direction.,negative
Terrible acting and poor script.,negative
An unforgettable cinematic experience.,positive
Highly recommended for everyone.,positive
A masterpiece from start to finish.,positive
The film was fantastic and inspiring.,positive
Not worth watching.,negative
Best movie of the year!,positive
Terrible acting and poor script.,negative
Terrible acting and poor script.,negative
An unforgettable cinematic experience.,positive
The plot made no sense at all.,negative
The plot made no sense at all.,negative
Completely boring and too long.,negative
The film lacked direction.,negative
Not worth watching.,negative
Completely boring and too long.,negative
An unforgettable cinematic experience.,positive
Best movie of the year!,positive
Highly recommended for everyone.,positive
Heartwarming and beautifully shot.,positive
Terrible acting and poor script.,negative
Completely boring and too long.,negative
Highly recommended for everyone.,positive
An unforgettable cinematic experience.,positive
The plot made no sense at all.,negative
I absolutely loved this movie!,positive
Worst movie I have ever seen.,negative
I regret watching this.,negative
Great acting and brilliant plot.,positive
A masterpiece from start to finish.,positive
An unforgettable cinematic experience.,positive
It made me laugh and cry.,positive
Predictable and dull.,negative
The plot made no sense at all.,negative
Emotionally powerful and well-directed.,positive
It made me laugh and cry.,positive
Worst movie I have ever seen.,negative
Highly recommended for everyone.,positive
The film was fantastic and inspiring.,positive
Terrible acting and poor script.,negative
Emotionally powerful and well-directed.,positive
Predictable and dull.,negative
Predictable and dull.,negative
Predictable and dull.,negative
The film was fantastic and inspiring.,positive
It was a total waste of time.,negative
A masterpiece from start to finish.,positive
Terrible acting and poor script.,negative
I absolutely loved this movie!,positive
Best movie of the year!,positive
A masterpiece from start to finish.,positive
I regret watching this.,negative
Highly recommended for everyone.,positive
Great acting and brilliant plot.,positive
Emotionally powerful and well-directed.,positive
It made me laugh and cry.,positive
Predictable and dull.,negative
The film lacked direction.,negative
The film was fantastic and inspiring.,positive
Very disappointing experience.,negative
It was a total waste of time.,negative
Not worth watching.,negative
I absolutely loved this movie!,positive
I regret watching this.,negative
Worst movie I have ever seen.,negative
It made me laugh and cry.,positive
An unforgettable cinematic experience.,positive
Highly recommended for everyone.,positive
Best movie of the year!,positive
A masterpiece from start to finish.,positive
A masterpiece from start to finish.,positive
Heartwarming and beautifully shot.,positive
An unforgettable cinematic experience.,positive
The film was fantastic and inspiring.,positive
Terrible acting and poor script.,negative
The film was fantastic and inspiring.,positive
It was a total waste of time.,negative
Emotionally powerful and well-directed.,positive
A masterpiece from start to finish.,positive
Predictable and dull.,negative
Heartwarming and beautifully shot.,positive
The plot made no sense at all.,negative
The film was fantastic and inspiring.,positive
I absolutely loved this movie!,positive
Terrible acting and poor script.,negative
An unforgettable cinematic experience.,positive
I regret watching this.,negative
Predictable and dull.,negative
It made me laugh and cry.,positive
Emotionally powerful and well-directed.,positive
It made me laugh and cry.,positive
Highly recommended for everyone.,positive
Predictable and dull.,negative
Emotionally powerful and well-directed.,positive
I regret watching this.,negative
The plot made no sense at all.,negative
Best movie of the year!,positive
I absolutely loved this movie!,positive
It was a total waste of time.,negative
Worst movie I have ever seen.,negative
Best movie of the year!,positive
The film lacked direction.,negative
Not worth watching.,negative
An unforgettable cinematic experience.,positive
Best movie of the year!,positive
The film was fantastic and inspiring.,positive
The film lacked direction.,negative
Great acting and brilliant plot.,positive
Best movie of the year!,positive
It made me laugh and cry.,positive
Terrible acting and poor script.,negative
The film lacked direction.,negative
Heartwarming and beautifully shot.,positive
It was a total waste of time.,negative
Predictable and dull.,negative
Highly recommended for everyone.,positive
Emotionally powerful and well-directed.,positive
Predictable and dull.,negative
A masterpiece from start to finish.,positive
I regret watching this.,negative
It made me laugh and cry.,positive
I absolutely loved this movie!,positive
Highly recommended for everyone.,positive
The plot made no sense at all.,negative
It was a total waste of time.,negative
The plot made no sense at all.,negative
Worst movie I have ever seen.,negative
It made me laugh and cry.,positive
The plot made no sense at all.,negative
I absolutely loved this movie!,positive
Best movie of the year!,positive
I regret watching this.,negative
I absolutely loved this movie!,positive
Emotionally powerful and well-directed.,positive
A masterpiece from start to finish.,positive
Great acting and brilliant plot.,positive
Highly recommended for everyone.,positive
Emotionally powerful and well-directed.,positive
Highly recommended for everyone.,positive
The plot made no sense at all.,negative
Completely boring and too long.,negative
It made me laugh and cry.,positive
The film lacked direction.,negative
The film was fantastic and inspiring.,positive
Best movie of the year!,positive
Predictable and dull.,negative
A masterpiece from start to finish.,positive
Emotionally powerful and well-directed.,positive
Not worth watching.,negative
Predictable and dull.,negative
Heartwarming and beautifully shot.,positive
Not worth watching.,negative
A masterpiece from start to finish.,positive
I regret watching this.,negative
Emotionally powerful and well-directed.,positive
An unforgettable cinematic experience.,positive
The film was fantastic and inspiring.,positive
An unforgettable cinematic experience.,positive
I regret watching this.,negative
The plot made no sense at all.,negative
Heartwarming and beautifully shot.,positive
It made me laugh and cry.,positive
Not worth watching.,negative
Not worth watching.,negative
The film was fantastic and inspiring.,positive
It was a total waste of time.,negative
It was a total waste of time.,negative
The film lacked direction.,negative
Heartwarming and beautifully shot.,positive
Not worth watching.,negative
I absolutely loved this movie!,positive
Not worth watching.,negative
Highly recommended for everyone.,positive
Great acting and brilliant plot.,positive
Very disappointing experience.,negative
The film lacked direction.,negative
Predictable and dull.,negative
The plot made no sense at all.,negative
Not worth watching.,negative
Great acting and brilliant plot.,positive
I regret watching this.,negative
A masterpiece from start to finish.,positive
An unforgettable cinematic experience.,positive
An unforgettable cinematic experience.,positive
Terrible acting and poor script.,negative
A masterpiece from start to finish.,positive
The film lacked direction.,negative
Emotionally powerful and well-directed.,positive
Best movie of the year!,positive
Best movie of the year!,positive
Great acting and brilliant plot.,positive
Highly recommended for everyone.,positive
I regret watching this.,negative
The plot made no sense at all.,negative
Not worth watching.,negative
Great acting and brilliant plot.,positive
A masterpiece from start to finish.,positive
I regret watching this.,negative
It was a total waste of time.,negative
Best movie of the year!,positive
Emotionally powerful and well-directed.,positive
Predictable and dull.,negative
The plot made no sense at all.,negative
The film was fantastic and inspiring.,positive
Completely boring and too long.,negative
Highly recommended for everyone.,positive
Terrible acting and poor script.,negative
It made me laugh and cry.,positive
Very disappointing experience.,negative
It made me laugh and cry.,positive
The film lacked direction.,negative
I absolutely loved this movie!,positive
The film was fantastic and inspiring.,positive
Worst movie I have ever seen.,negative
Very disappointing experience.,negative
An unforgettable cinematic experience.,positive
Terrible acting and poor script.,negative
Terrible acting and poor script.,negative
Not worth watching.,negative
I absolutely loved this movie!,positive
The film was fantastic and inspiring.,positive
Terrible acting and poor script.,negative
It made me laugh and cry.,positive
The plot made no sense at all.,negative
Great acting and brilliant plot.,positive
Emotionally powerful and well-directed.,positive
Terrible acting and poor script.,negative
An unforgettable cinematic experience.,positive
I absolutely loved this movie!,positive
Not worth watching.,negative
Worst movie I have ever seen.,negative
I absolutely loved this movie!,positive
I regret watching this.,negative
The plot made no sense at all.,negative
I regret watching this.,negative
Predictable and dull.,negative
Completely boring and too long.,negative
Best movie of the year!,positive
It made me laugh and cry.,positive
Completely boring and too long.,negative
Completely boring and too long.,negative
Terrible acting and poor script.,negative
I regret watching this.,negative
It made me laugh and cry.,positive
The film was fantastic and inspiring.,positive
It was a total waste of time.,negative
Predictable and dull.,negative
Not worth watching.,negative
Not worth watching.,negative
Highly recommended for everyone.,positive
A masterpiece from start to finish.,positive
The film lacked direction.,negative
The film was fantastic and inspiring.,positive
Terrible acting and poor script.,negative
Worst movie I have ever seen.,negative
Predictable and dull.,negative
Predictable and dull.,negative
Terrible acting and poor script.,negative
Predictable and dull.,negative
A masterpiece from start to finish.,positive
Heartwarming and beautifully shot.,positive
Predictable and dull.,negative
Not worth watching.,negative
The plot made no sense at all.,negative
It was a total waste of time.,negative
Great acting and brilliant plot.,positive
Predictable and dull.,negative
The plot made no sense at all.,negative
Predictable and dull.,negative
I absolutely loved this movie!,positive
I regret watching this.,negative
I regret watching this.,negative
I regret watching this.,negative
The film lacked direction.,negative
